Postcode|LGA_Code|LGA2|LGA
3000|24600|Melbourne (C)|Melbourne
3002|24600|Melbourne (C)|Melbourne
3003|24600|Melbourne (C)|Melbourne
3004|25900|Port Phillip (C)|Port Phillip
3005|24600|Melbourne (C)|Melbourne
3006|24600|Melbourne (C)|Melbourne
3008|24600|Melbourne (C)|Melbourne
3010|24600|Melbourne (C)|Melbourne
3011|24330|Maribyrnong (C)|Maribyrnong
3012|24330|Maribyrnong (C)|Maribyrnong
3013|24330|Maribyrnong (C)|Maribyrnong
3015|23110|Hobsons Bay (C)|Hobsons Bay
3016|23110|Hobsons Bay (C)|Hobsons Bay
3018|23110|Hobsons Bay (C)|Hobsons Bay
3019|24330|Maribyrnong (C)|Maribyrnong
3020|21180|Brimbank (C)|Brimbank
3021|21180|Brimbank (C)|Brimbank
3022|21180|Brimbank (C)|Brimbank
3023|24650|Melton (S)|Melton
3023|21180|Brimbank (C)|Brimbank
3024|27260|Wyndham (C)|Wyndham
3025|23110|Hobsons Bay (C)|Hobsons Bay
3027|27260|Wyndham (C)|Wyndham
3028|23110|Hobsons Bay (C)|Hobsons Bay
3029|27260|Wyndham (C)|Wyndham
3030|27260|Wyndham (C)|Wyndham
3031|25060|Moonee Valley (C)|Moonee Valley
3031|24600|Melbourne (C)|Melbourne
3032|25060|Moonee Valley (C)|Moonee Valley
3032|24330|Maribyrnong (C)|Maribyrnong
3033|25060|Moonee Valley (C)|Moonee Valley
3034|25060|Moonee Valley (C)|Moonee Valley
3036|21180|Brimbank (C)|Brimbank
3037|24650|Melton (S)|Melton
3037|21180|Brimbank (C)|Brimbank
3038|21180|Brimbank (C)|Brimbank
3039|25060|Moonee Valley (C)|Moonee Valley
3040|25060|Moonee Valley (C)|Moonee Valley
3041|25060|Moonee Valley (C)|Moonee Valley
3042|25060|Moonee Valley (C)|Moonee Valley
3042|21180|Brimbank (C)|Brimbank
3043|23270|Hume (C)|Hume
3044|25250|Moreland (C)|Moreland
3045|23270|Hume (C)|Hume
3046|25250|Moreland (C)|Moreland
3047|23270|Hume (C)|Hume
3048|23270|Hume (C)|Hume
3049|23270|Hume (C)|Hume
3051|24600|Melbourne (C)|Melbourne
3052|24600|Melbourne (C)|Melbourne
3053|24600|Melbourne (C)|Melbourne
3054|27350|Yarra (C)|Yarra
3055|25250|Moreland (C)|Moreland
3056|25250|Moreland (C)|Moreland
3057|25250|Moreland (C)|Moreland
3058|25250|Moreland (C)|Moreland
3059|23270|Hume (C)|Hume
3060|25250|Moreland (C)|Moreland
3061|23270|Hume (C)|Hume
3063|23270|Hume (C)|Hume
3064|23270|Hume (C)|Hume
3065|27350|Yarra (C)|Yarra
3066|27350|Yarra (C)|Yarra
3067|27350|Yarra (C)|Yarra
3068|27350|Yarra (C)|Yarra
3070|21890|Darebin (C)|Darebin
3071|21890|Darebin (C)|Darebin
3072|21890|Darebin (C)|Darebin
3073|21890|Darebin (C)|Darebin
3074|27070|Whittlesea (C)|Whittlesea
3075|27070|Whittlesea (C)|Whittlesea
3076|27070|Whittlesea (C)|Whittlesea
3078|21890|Darebin (C)|Darebin
3078|27350|Yarra (C)|Yarra
3079|20660|Banyule (C)|Banyule
3081|20660|Banyule (C)|Banyule
3082|27070|Whittlesea (C)|Whittlesea
3083|27070|Whittlesea (C)|Whittlesea
3083|20660|Banyule (C)|Banyule
3083|21890|Darebin (C)|Darebin
3084|20660|Banyule (C)|Banyule
3085|20660|Banyule (C)|Banyule
3087|20660|Banyule (C)|Banyule
3088|20660|Banyule (C)|Banyule
3088|25710|Nillumbik (S)|Nillumbik
3089|25710|Nillumbik (S)|Nillumbik
3090|25710|Nillumbik (S)|Nillumbik
3091|25710|Nillumbik (S)|Nillumbik
3093|20660|Banyule (C)|Banyule
3094|20660|Banyule (C)|Banyule
3095|25710|Nillumbik (S)|Nillumbik
3096|25710|Nillumbik (S)|Nillumbik
3097|25710|Nillumbik (S)|Nillumbik
3099|25710|Nillumbik (S)|Nillumbik
3101|21110|Boroondara (C)|Boroondara
3102|21110|Boroondara (C)|Boroondara
3103|21110|Boroondara (C)|Boroondara
3104|21110|Boroondara (C)|Boroondara
3105|24210|Manningham (C)|Manningham
3106|24210|Manningham (C)|Manningham
3107|24210|Manningham (C)|Manningham
3108|24210|Manningham (C)|Manningham
3109|24210|Manningham (C)|Manningham
3111|24210|Manningham (C)|Manningham
3113|24210|Manningham (C)|Manningham
3113|25710|Nillumbik (S)|Nillumbik
3114|24210|Manningham (C)|Manningham
3115|24210|Manningham (C)|Manningham
3116|27450|Yarra Ranges (S)|Yarra Ranges
3121|27350|Yarra (C)|Yarra
3122|21110|Boroondara (C)|Boroondara
3123|21110|Boroondara (C)|Boroondara
3124|21110|Boroondara (C)|Boroondara
3125|26980|Whitehorse (C)|Whitehorse
3126|21110|Boroondara (C)|Boroondara
3127|26980|Whitehorse (C)|Whitehorse
3127|21110|Boroondara (C)|Boroondara
3128|26980|Whitehorse (C)|Whitehorse
3129|26980|Whitehorse (C)|Whitehorse
3130|26980|Whitehorse (C)|Whitehorse
3131|26980|Whitehorse (C)|Whitehorse
3132|26980|Whitehorse (C)|Whitehorse
3133|26980|Whitehorse (C)|Whitehorse
3134|24410|Maroondah (C)|Maroondah
3135|24410|Maroondah (C)|Maroondah
3136|24410|Maroondah (C)|Maroondah
3137|27450|Yarra Ranges (S)|Yarra Ranges
3137|24410|Maroondah (C)|Maroondah
3138|27450|Yarra Ranges (S)|Yarra Ranges
3139|27450|Yarra Ranges (S)|Yarra Ranges
3140|27450|Yarra Ranges (S)|Yarra Ranges
3141|26350|Stonnington (C)|Stonnington
3141|24600|Melbourne (C)|Melbourne
3142|26350|Stonnington (C)|Stonnington
3143|26350|Stonnington (C)|Stonnington
3144|26350|Stonnington (C)|Stonnington
3145|26350|Stonnington (C)|Stonnington
3146|21110|Boroondara (C)|Boroondara
3146|26350|Stonnington (C)|Stonnington
3147|21110|Boroondara (C)|Boroondara
3147|24970|Monash (C)|Monash
3148|24970|Monash (C)|Monash
3149|24970|Monash (C)|Monash
3150|24970|Monash (C)|Monash
3151|26980|Whitehorse (C)|Whitehorse
3152|23670|Knox (C)|Knox
3153|23670|Knox (C)|Knox
3153|24410|Maroondah (C)|Maroondah
3154|23670|Knox (C)|Knox
3155|23670|Knox (C)|Knox
3156|23670|Knox (C)|Knox
3158|27450|Yarra Ranges (S)|Yarra Ranges
3159|27450|Yarra Ranges (S)|Yarra Ranges
3160|27450|Yarra Ranges (S)|Yarra Ranges
3161|22310|Glen Eira (C)|Glen Eira
3162|22310|Glen Eira (C)|Glen Eira
3163|22310|Glen Eira (C)|Glen Eira
3165|22310|Glen Eira (C)|Glen Eira
3166|24970|Monash (C)|Monash
3167|23430|Kingston (C)|Kingston
3167|24970|Monash (C)|Monash
3168|24970|Monash (C)|Monash
3169|23430|Kingston (C)|Kingston
3170|24970|Monash (C)|Monash
3171|22670|Greater Dandenong (C)|Greater Dandenong
3172|22670|Greater Dandenong (C)|Greater Dandenong
3172|23430|Kingston (C)|Kingston
3173|22670|Greater Dandenong (C)|Greater Dandenong
3174|22670|Greater Dandenong (C)|Greater Dandenong
3175|22670|Greater Dandenong (C)|Greater Dandenong
3177|21610|Casey (C)|Casey
3178|23670|Knox (C)|Knox
3179|23670|Knox (C)|Knox
3180|23670|Knox (C)|Knox
3181|26350|Stonnington (C)|Stonnington
3182|25900|Port Phillip (C)|Port Phillip
3183|25900|Port Phillip (C)|Port Phillip
3183|22310|Glen Eira (C)|Glen Eira
3184|25900|Port Phillip (C)|Port Phillip
3185|22310|Glen Eira (C)|Glen Eira
3186|20910|Bayside (C)|Bayside
3187|20910|Bayside (C)|Bayside
3188|20910|Bayside (C)|Bayside
3189|23430|Kingston (C)|Kingston
3190|20910|Bayside (C)|Bayside
3190|23430|Kingston (C)|Kingston
3191|20910|Bayside (C)|Bayside
3192|23430|Kingston (C)|Kingston
3193|20910|Bayside (C)|Bayside
3194|23430|Kingston (C)|Kingston
3195|23430|Kingston (C)|Kingston
3196|23430|Kingston (C)|Kingston
3197|23430|Kingston (C)|Kingston
3198|22170|Frankston (C)|Frankston
3199|22170|Frankston (C)|Frankston
3200|22170|Frankston (C)|Frankston
3201|22170|Frankston (C)|Frankston
3202|23430|Kingston (C)|Kingston
3204|22310|Glen Eira (C)|Glen Eira
3205|25900|Port Phillip (C)|Port Phillip
3206|25900|Port Phillip (C)|Port Phillip
3207|25900|Port Phillip (C)|Port Phillip
3211|27260|Wyndham (C)|Wyndham
3212|22750|Greater Geelong (C)|Greater Geelong
3214|22750|Greater Geelong (C)|Greater Geelong
3215|22750|Greater Geelong (C)|Greater Geelong
3216|22750|Greater Geelong (C)|Greater Geelong
3217|22750|Greater Geelong (C)|Greater Geelong
3218|22750|Greater Geelong (C)|Greater Geelong
3219|22750|Greater Geelong (C)|Greater Geelong
3220|22750|Greater Geelong (C)|Greater Geelong
3221|22750|Greater Geelong (C)|Greater Geelong
3221|22490|Golden Plains (S)|Golden Plains
3222|22750|Greater Geelong (C)|Greater Geelong
3223|22750|Greater Geelong (C)|Greater Geelong
3224|22750|Greater Geelong (C)|Greater Geelong
3225|26080|Queenscliffe (B)|Queenscliffe
3225|22750|Greater Geelong (C)|Greater Geelong
3226|22750|Greater Geelong (C)|Greater Geelong
3227|22750|Greater Geelong (C)|Greater Geelong
3227|26490|Surf Coast (S)|Surf Coast
3228|26490|Surf Coast (S)|Surf Coast
3230|26490|Surf Coast (S)|Surf Coast
3231|26490|Surf Coast (S)|Surf Coast
3232|26490|Surf Coast (S)|Surf Coast
3233|21750|Colac-Otway (S)|Colac-Otway
3236|21750|Colac-Otway (S)|Colac-Otway
3237|21750|Colac-Otway (S)|Colac-Otway
3239|21750|Colac-Otway (S)|Colac-Otway
3240|26490|Surf Coast (S)|Surf Coast
3241|26490|Surf Coast (S)|Surf Coast
3242|21750|Colac-Otway (S)|Colac-Otway
3243|21750|Colac-Otway (S)|Colac-Otway
3249|21750|Colac-Otway (S)|Colac-Otway
3250|21750|Colac-Otway (S)|Colac-Otway
3254|21750|Colac-Otway (S)|Colac-Otway
3260|21830|Corangamite (S)|Corangamite
3264|21830|Corangamite (S)|Corangamite
3265|25490|Moyne (S)|Moyne
3265|21830|Corangamite (S)|Corangamite
3266|21830|Corangamite (S)|Corangamite
3267|21830|Corangamite (S)|Corangamite
3268|21830|Corangamite (S)|Corangamite
3268|25490|Moyne (S)|Moyne
3269|21830|Corangamite (S)|Corangamite
3270|25490|Moyne (S)|Moyne
3272|25490|Moyne (S)|Moyne
3273|25490|Moyne (S)|Moyne
3274|25490|Moyne (S)|Moyne
3275|25490|Moyne (S)|Moyne
3276|25490|Moyne (S)|Moyne
3277|25490|Moyne (S)|Moyne
3277|26730|Warrnambool (C)|Warrnambool
3278|25490|Moyne (S)|Moyne
3280|26730|Warrnambool (C)|Warrnambool
3281|25490|Moyne (S)|Moyne
3281|26730|Warrnambool (C)|Warrnambool
3282|25490|Moyne (S)|Moyne
3283|25490|Moyne (S)|Moyne
3284|25490|Moyne (S)|Moyne
3285|25490|Moyne (S)|Moyne
3285|22410|Glenelg (S)|Glenelg
3286|25490|Moyne (S)|Moyne
3287|25490|Moyne (S)|Moyne
3289|26260|Southern Grampians (S)|Southern Grampians
3292|22410|Glenelg (S)|Glenelg
3294|26260|Southern Grampians (S)|Southern Grampians
3300|26260|Southern Grampians (S)|Southern Grampians
3301|26260|Southern Grampians (S)|Southern Grampians
3301|25490|Moyne (S)|Moyne
3302|22410|Glenelg (S)|Glenelg
3302|26260|Southern Grampians (S)|Southern Grampians
3304|22410|Glenelg (S)|Glenelg
3305|22410|Glenelg (S)|Glenelg
3309|22410|Glenelg (S)|Glenelg
3310|22410|Glenelg (S)|Glenelg
3311|22410|Glenelg (S)|Glenelg
3312|22410|Glenelg (S)|Glenelg
3314|26260|Southern Grampians (S)|Southern Grampians
3315|26260|Southern Grampians (S)|Southern Grampians
3317|26890|West Wimmera (S)|West Wimmera
3318|26890|West Wimmera (S)|West Wimmera
3319|26890|West Wimmera (S)|West Wimmera
3321|22490|Golden Plains (S)|Golden Plains
3325|21830|Corangamite (S)|Corangamite
3328|22490|Golden Plains (S)|Golden Plains
3329|22490|Golden Plains (S)|Golden Plains
3330|22490|Golden Plains (S)|Golden Plains
3331|22490|Golden Plains (S)|Golden Plains
3332|22490|Golden Plains (S)|Golden Plains
3333|22490|Golden Plains (S)|Golden Plains
3334|25150|Moorabool (S)|Moorabool
3335|24650|Melton (S)|Melton
3337|24650|Melton (S)|Melton
3338|24650|Melton (S)|Melton
3340|25150|Moorabool (S)|Moorabool
3341|25150|Moorabool (S)|Moorabool
3342|25150|Moorabool (S)|Moorabool
3345|25150|Moorabool (S)|Moorabool
3350|20570|Ballarat (C)|Ballarat
3351|22490|Golden Plains (S)|Golden Plains
3352|20570|Ballarat (C)|Ballarat
3352|25150|Moorabool (S)|Moorabool
3355|20570|Ballarat (C)|Ballarat
3356|20570|Ballarat (C)|Ballarat
3357|20570|Ballarat (C)|Ballarat
3360|22490|Golden Plains (S)|Golden Plains
3361|21830|Corangamite (S)|Corangamite
3363|22910|Hepburn (S)|Hepburn
3364|22910|Hepburn (S)|Hepburn
3370|22910|Hepburn (S)|Hepburn
3371|21670|Central Goldfields (S)|Central Goldfields
3373|25990|Pyrenees (S)|Pyrenees
3374|25810|Northern Grampians (S)|Northern Grampians
3375|20260|Ararat (RC)|Ararat 
3377|20260|Ararat (RC)|Ararat 
3379|20260|Ararat (RC)|Ararat 
3380|25810|Northern Grampians (S)|Northern Grampians
3381|20260|Ararat (RC)|Ararat 
3384|25810|Northern Grampians (S)|Northern Grampians
3384|25990|Pyrenees (S)|Pyrenees
3385|25810|Northern Grampians (S)|Northern Grampians
3388|27630|Yarriambiack (S)|Yarriambiack
3390|27630|Yarriambiack (S)|Yarriambiack
3391|27630|Yarriambiack (S)|Yarriambiack
3392|27630|Yarriambiack (S)|Yarriambiack
3393|27630|Yarriambiack (S)|Yarriambiack
3396|27630|Yarriambiack (S)|Yarriambiack
3400|23190|Horsham (RC)|Horsham 
3401|23190|Horsham (RC)|Horsham 
3409|23190|Horsham (RC)|Horsham 
3412|26890|West Wimmera (S)|West Wimmera
3414|22980|Hindmarsh (S)|Hindmarsh
3418|22980|Hindmarsh (S)|Hindmarsh
3419|26890|West Wimmera (S)|West Wimmera
3420|26890|West Wimmera (S)|West Wimmera
3423|22980|Hindmarsh (S)|Hindmarsh
3424|22980|Hindmarsh (S)|Hindmarsh
3427|24650|Melton (S)|Melton
3427|23270|Hume (C)|Hume
3428|23270|Hume (C)|Hume
3429|23270|Hume (C)|Hume
3430|24130|Macedon Ranges (S)|Macedon Ranges
3431|24130|Macedon Ranges (S)|Macedon Ranges
3433|24130|Macedon Ranges (S)|Macedon Ranges
3434|24130|Macedon Ranges (S)|Macedon Ranges
3435|24130|Macedon Ranges (S)|Macedon Ranges
3437|24130|Macedon Ranges (S)|Macedon Ranges
3438|24130|Macedon Ranges (S)|Macedon Ranges
3440|24130|Macedon Ranges (S)|Macedon Ranges
3441|24130|Macedon Ranges (S)|Macedon Ranges
3442|24130|Macedon Ranges (S)|Macedon Ranges
3444|24130|Macedon Ranges (S)|Macedon Ranges
3446|24130|Macedon Ranges (S)|Macedon Ranges
3448|25430|Mount Alexander (S)|Mount Alexander
3450|25430|Mount Alexander (S)|Mount Alexander
3451|25430|Mount Alexander (S)|Mount Alexander
3453|25430|Mount Alexander (S)|Mount Alexander
3453|22620|Greater Bendigo (C)|Greater Bendigo
3458|22910|Hepburn (S)|Hepburn
3458|25150|Moorabool (S)|Moorabool
3460|22910|Hepburn (S)|Hepburn
3461|22910|Hepburn (S)|Hepburn
3462|25430|Mount Alexander (S)|Mount Alexander
3463|25430|Mount Alexander (S)|Mount Alexander
3463|22620|Greater Bendigo (C)|Greater Bendigo
3464|21670|Central Goldfields (S)|Central Goldfields
3465|21670|Central Goldfields (S)|Central Goldfields
3467|25990|Pyrenees (S)|Pyrenees
3468|25990|Pyrenees (S)|Pyrenees
3469|20260|Ararat (RC)|Ararat 
3472|21670|Central Goldfields (S)|Central Goldfields
3475|21670|Central Goldfields (S)|Central Goldfields
3477|25810|Northern Grampians (S)|Northern Grampians
3478|25810|Northern Grampians (S)|Northern Grampians
3480|21270|Buloke (S)|Buloke
3482|21270|Buloke (S)|Buloke
3483|21270|Buloke (S)|Buloke
3485|27630|Yarriambiack (S)|Yarriambiack
3490|24780|Mildura (RC)|Mildura 
3496|24780|Mildura (RC)|Mildura 
3498|24780|Mildura (RC)|Mildura 
3500|24780|Mildura (RC)|Mildura 
3501|24780|Mildura (RC)|Mildura 
3505|24780|Mildura (RC)|Mildura 
3515|22620|Greater Bendigo (C)|Greater Bendigo
3516|22620|Greater Bendigo (C)|Greater Bendigo
3516|23940|Loddon (S)|Loddon
3517|23940|Loddon (S)|Loddon
3518|23940|Loddon (S)|Loddon
3520|23940|Loddon (S)|Loddon
3521|24850|Mitchell (S)|Mitchell
3523|22620|Greater Bendigo (C)|Greater Bendigo
3525|21270|Buloke (S)|Buloke
3527|21270|Buloke (S)|Buloke
3530|21270|Buloke (S)|Buloke
3533|21270|Buloke (S)|Buloke
3537|23940|Loddon (S)|Loddon
3540|22250|Gannawarra (S)|Gannawarra
3544|26610|Swan Hill (RC)|Swan Hill 
3549|26610|Swan Hill (RC)|Swan Hill 
3550|22620|Greater Bendigo (C)|Greater Bendigo
3551|22620|Greater Bendigo (C)|Greater Bendigo
3555|22620|Greater Bendigo (C)|Greater Bendigo
3556|22620|Greater Bendigo (C)|Greater Bendigo
3557|22620|Greater Bendigo (C)|Greater Bendigo
3558|22620|Greater Bendigo (C)|Greater Bendigo
3559|21370|Campaspe (S)|Campaspe
3561|21370|Campaspe (S)|Campaspe
3562|21370|Campaspe (S)|Campaspe
3563|21370|Campaspe (S)|Campaspe
3564|21370|Campaspe (S)|Campaspe
3566|21370|Campaspe (S)|Campaspe
3567|22250|Gannawarra (S)|Gannawarra
3568|22250|Gannawarra (S)|Gannawarra
3570|22620|Greater Bendigo (C)|Greater Bendigo
3571|23940|Loddon (S)|Loddon
3572|21370|Campaspe (S)|Campaspe
3573|23940|Loddon (S)|Loddon
3573|21370|Campaspe (S)|Campaspe
3575|23940|Loddon (S)|Loddon
3579|22250|Gannawarra (S)|Gannawarra
3580|22250|Gannawarra (S)|Gannawarra
3584|26610|Swan Hill (RC)|Swan Hill 
3585|26610|Swan Hill (RC)|Swan Hill 
3586|26610|Swan Hill (RC)|Swan Hill 
3588|26610|Swan Hill (RC)|Swan Hill 
3594|26610|Swan Hill (RC)|Swan Hill 
3595|26610|Swan Hill (RC)|Swan Hill 
3596|26610|Swan Hill (RC)|Swan Hill 
3597|26610|Swan Hill (RC)|Swan Hill 
3608|26430|Strathbogie (S)|Strathbogie
3610|22830|Greater Shepparton (C)|Greater Shepparton
3612|21370|Campaspe (S)|Campaspe
3614|22830|Greater Shepparton (C)|Greater Shepparton
3616|22830|Greater Shepparton (C)|Greater Shepparton
3617|22830|Greater Shepparton (C)|Greater Shepparton
3618|22830|Greater Shepparton (C)|Greater Shepparton
3620|21370|Campaspe (S)|Campaspe
3621|21370|Campaspe (S)|Campaspe
3622|21370|Campaspe (S)|Campaspe
3623|21370|Campaspe (S)|Campaspe
3624|21370|Campaspe (S)|Campaspe
3629|22830|Greater Shepparton (C)|Greater Shepparton
3630|22830|Greater Shepparton (C)|Greater Shepparton
3631|22830|Greater Shepparton (C)|Greater Shepparton
3633|22830|Greater Shepparton (C)|Greater Shepparton
3634|22830|Greater Shepparton (C)|Greater Shepparton
3635|24900|Moira (S)|Moira
3636|24900|Moira (S)|Moira
3637|24900|Moira (S)|Moira
3638|24900|Moira (S)|Moira
3639|24900|Moira (S)|Moira
3640|24900|Moira (S)|Moira
3641|24900|Moira (S)|Moira
3644|24900|Moira (S)|Moira
3646|24900|Moira (S)|Moira
3646|22830|Greater Shepparton (C)|Greater Shepparton
3649|24900|Moira (S)|Moira
3658|24850|Mitchell (S)|Mitchell
3659|24850|Mitchell (S)|Mitchell
3660|24850|Mitchell (S)|Mitchell
3662|24850|Mitchell (S)|Mitchell
3663|26430|Strathbogie (S)|Strathbogie
3664|26430|Strathbogie (S)|Strathbogie
3666|26430|Strathbogie (S)|Strathbogie
3669|26430|Strathbogie (S)|Strathbogie
3670|21010|Benalla (RC)|Benalla 
3672|21010|Benalla (RC)|Benalla 
3673|21010|Benalla (RC)|Benalla 
3675|26700|Wangaratta (RC)|Wangaratta 
3677|26700|Wangaratta (RC)|Wangaratta 
3678|26700|Wangaratta (RC)|Wangaratta 
3682|26700|Wangaratta (RC)|Wangaratta 
3683|23350|Indigo (S)|Indigo
3685|23350|Indigo (S)|Indigo
3687|23350|Indigo (S)|Indigo
3688|23350|Indigo (S)|Indigo
3690|27170|Wodonga (RC)|Wodonga 
3691|27170|Wodonga (RC)|Wodonga 
3691|23350|Indigo (S)|Indigo
3694|27170|Wodonga (RC)|Wodonga 
3695|23350|Indigo (S)|Indigo
3697|20110|Alpine (S)|Alpine
3698|20110|Alpine (S)|Alpine
3699|20110|Alpine (S)|Alpine
3700|26670|Towong (S)|Towong
3701|26670|Towong (S)|Towong
3707|26670|Towong (S)|Towong
3709|26670|Towong (S)|Towong
3712|25620|Murrindindi (S)|Murrindindi
3713|25620|Murrindindi (S)|Murrindindi
3714|25620|Murrindindi (S)|Murrindindi
3715|24250|Mansfield (S)|Mansfield
3717|25620|Murrindindi (S)|Murrindindi
3719|25620|Murrindindi (S)|Murrindindi
3720|24250|Mansfield (S)|Mansfield
3722|24250|Mansfield (S)|Mansfield
3723|24250|Mansfield (S)|Mansfield
3726|21010|Benalla (RC)|Benalla 
3727|24900|Moira (S)|Moira
3728|24900|Moira (S)|Moira
3730|24900|Moira (S)|Moira
3732|26700|Wangaratta (RC)|Wangaratta 
3735|26700|Wangaratta (RC)|Wangaratta 
3737|20110|Alpine (S)|Alpine
3739|20110|Alpine (S)|Alpine
3740|20110|Alpine (S)|Alpine
3741|20110|Alpine (S)|Alpine
3746|26700|Wangaratta (RC)|Wangaratta 
3747|23350|Indigo (S)|Indigo
3749|23350|Indigo (S)|Indigo
3750|27070|Whittlesea (C)|Whittlesea
3751|27070|Whittlesea (C)|Whittlesea
3752|27070|Whittlesea (C)|Whittlesea
3753|24850|Mitchell (S)|Mitchell
3753|27070|Whittlesea (C)|Whittlesea
3754|27070|Whittlesea (C)|Whittlesea
3756|24850|Mitchell (S)|Mitchell
3757|27070|Whittlesea (C)|Whittlesea
3757|25620|Murrindindi (S)|Murrindindi
3758|24850|Mitchell (S)|Mitchell
3759|25710|Nillumbik (S)|Nillumbik
3760|25710|Nillumbik (S)|Nillumbik
3761|25710|Nillumbik (S)|Nillumbik
3763|25620|Murrindindi (S)|Murrindindi
3764|24850|Mitchell (S)|Mitchell
3765|27450|Yarra Ranges (S)|Yarra Ranges
3766|27450|Yarra Ranges (S)|Yarra Ranges
3767|27450|Yarra Ranges (S)|Yarra Ranges
3770|27450|Yarra Ranges (S)|Yarra Ranges
3775|27450|Yarra Ranges (S)|Yarra Ranges
3777|27450|Yarra Ranges (S)|Yarra Ranges
3778|25620|Murrindindi (S)|Murrindindi
3779|25620|Murrindindi (S)|Murrindindi
3781|21450|Cardinia (S)|Cardinia
3782|21450|Cardinia (S)|Cardinia
3783|21450|Cardinia (S)|Cardinia
3786|27450|Yarra Ranges (S)|Yarra Ranges
3787|27450|Yarra Ranges (S)|Yarra Ranges
3788|27450|Yarra Ranges (S)|Yarra Ranges
3789|27450|Yarra Ranges (S)|Yarra Ranges
3791|27450|Yarra Ranges (S)|Yarra Ranges
3792|27450|Yarra Ranges (S)|Yarra Ranges
3793|27450|Yarra Ranges (S)|Yarra Ranges
3795|27450|Yarra Ranges (S)|Yarra Ranges
3796|27450|Yarra Ranges (S)|Yarra Ranges
3797|27450|Yarra Ranges (S)|Yarra Ranges
3799|27450|Yarra Ranges (S)|Yarra Ranges
3800|24970|Monash (C)|Monash
3802|21610|Casey (C)|Casey
3803|21610|Casey (C)|Casey
3804|21610|Casey (C)|Casey
3805|21610|Casey (C)|Casey
3806|21610|Casey (C)|Casey
3807|21450|Cardinia (S)|Cardinia
3808|21450|Cardinia (S)|Cardinia
3809|21450|Cardinia (S)|Cardinia
3810|21450|Cardinia (S)|Cardinia
3812|21450|Cardinia (S)|Cardinia
3813|21450|Cardinia (S)|Cardinia
3814|21450|Cardinia (S)|Cardinia
3815|21450|Cardinia (S)|Cardinia
3816|20830|Baw Baw (S)|Baw Baw
3818|20830|Baw Baw (S)|Baw Baw
3820|20830|Baw Baw (S)|Baw Baw
3821|20830|Baw Baw (S)|Baw Baw
3822|20830|Baw Baw (S)|Baw Baw
3823|20830|Baw Baw (S)|Baw Baw
3824|20830|Baw Baw (S)|Baw Baw
3825|23810|Latrobe (C)|Latrobe
3831|20830|Baw Baw (S)|Baw Baw
3832|20830|Baw Baw (S)|Baw Baw
3833|29399|Unincorporated Vic|Unincorporated
3833|20830|Baw Baw (S)|Baw Baw
3835|20830|Baw Baw (S)|Baw Baw
3840|23810|Latrobe (C)|Latrobe
3842|23810|Latrobe (C)|Latrobe
3844|23810|Latrobe (C)|Latrobe
3847|26810|Wellington (S)|Wellington
3850|26810|Wellington (S)|Wellington
3851|26810|Wellington (S)|Wellington
3852|26810|Wellington (S)|Wellington
3854|23810|Latrobe (C)|Latrobe
3856|23810|Latrobe (C)|Latrobe
3857|26810|Wellington (S)|Wellington
3858|26810|Wellington (S)|Wellington
3859|26810|Wellington (S)|Wellington
3860|26810|Wellington (S)|Wellington
3862|26810|Wellington (S)|Wellington
3865|22110|East Gippsland (S)|East Gippsland
3869|23810|Latrobe (C)|Latrobe
3870|23810|Latrobe (C)|Latrobe
3871|26170|South Gippsland (S)|South Gippsland
3873|26810|Wellington (S)|Wellington
3875|22110|East Gippsland (S)|East Gippsland
3878|22110|East Gippsland (S)|East Gippsland
3880|22110|East Gippsland (S)|East Gippsland
3882|22110|East Gippsland (S)|East Gippsland
3885|22110|East Gippsland (S)|East Gippsland
3886|22110|East Gippsland (S)|East Gippsland
3887|22110|East Gippsland (S)|East Gippsland
3888|22110|East Gippsland (S)|East Gippsland
3890|22110|East Gippsland (S)|East Gippsland
3892|22110|East Gippsland (S)|East Gippsland
3895|22110|East Gippsland (S)|East Gippsland
3896|22110|East Gippsland (S)|East Gippsland
3898|20110|Alpine (S)|Alpine
3902|22110|East Gippsland (S)|East Gippsland
3903|22110|East Gippsland (S)|East Gippsland
3904|22110|East Gippsland (S)|East Gippsland
3909|22110|East Gippsland (S)|East Gippsland
3910|22170|Frankston (C)|Frankston
3911|25340|Mornington Peninsula (S)|Mornington Peninsula
3911|22170|Frankston (C)|Frankston
3912|25340|Mornington Peninsula (S)|Mornington Peninsula
3912|21610|Casey (C)|Casey
3913|25340|Mornington Peninsula (S)|Mornington Peninsula
3915|25340|Mornington Peninsula (S)|Mornington Peninsula
3916|25340|Mornington Peninsula (S)|Mornington Peninsula
3918|25340|Mornington Peninsula (S)|Mornington Peninsula
3919|25340|Mornington Peninsula (S)|Mornington Peninsula
3922|20740|Bass Coast (S)|Bass Coast
3923|20740|Bass Coast (S)|Bass Coast
3925|20740|Bass Coast (S)|Bass Coast
3926|25340|Mornington Peninsula (S)|Mornington Peninsula
3927|25340|Mornington Peninsula (S)|Mornington Peninsula
3928|25340|Mornington Peninsula (S)|Mornington Peninsula
3929|25340|Mornington Peninsula (S)|Mornington Peninsula
3930|25340|Mornington Peninsula (S)|Mornington Peninsula
3931|25340|Mornington Peninsula (S)|Mornington Peninsula
3933|25340|Mornington Peninsula (S)|Mornington Peninsula
3934|25340|Mornington Peninsula (S)|Mornington Peninsula
3936|25340|Mornington Peninsula (S)|Mornington Peninsula
3937|25340|Mornington Peninsula (S)|Mornington Peninsula
3938|25340|Mornington Peninsula (S)|Mornington Peninsula
3939|25340|Mornington Peninsula (S)|Mornington Peninsula
3940|25340|Mornington Peninsula (S)|Mornington Peninsula
3941|25340|Mornington Peninsula (S)|Mornington Peninsula
3942|25340|Mornington Peninsula (S)|Mornington Peninsula
3943|25340|Mornington Peninsula (S)|Mornington Peninsula
3944|25340|Mornington Peninsula (S)|Mornington Peninsula
3945|26170|South Gippsland (S)|South Gippsland
3945|20740|Bass Coast (S)|Bass Coast
3950|26170|South Gippsland (S)|South Gippsland
3951|26170|South Gippsland (S)|South Gippsland
3953|26170|South Gippsland (S)|South Gippsland
3954|26170|South Gippsland (S)|South Gippsland
3956|26170|South Gippsland (S)|South Gippsland
3957|26170|South Gippsland (S)|South Gippsland
3958|26170|South Gippsland (S)|South Gippsland
3959|26170|South Gippsland (S)|South Gippsland
3960|26170|South Gippsland (S)|South Gippsland
3962|26170|South Gippsland (S)|South Gippsland
3965|26170|South Gippsland (S)|South Gippsland
3966|26810|Wellington (S)|Wellington
3966|26170|South Gippsland (S)|South Gippsland
3971|26810|Wellington (S)|Wellington
3975|21610|Casey (C)|Casey
3976|21610|Casey (C)|Casey
3977|21610|Casey (C)|Casey
3978|21610|Casey (C)|Casey
3979|20740|Bass Coast (S)|Bass Coast
3980|21610|Casey (C)|Casey
3981|21450|Cardinia (S)|Cardinia
3984|20740|Bass Coast (S)|Bass Coast
3984|21450|Cardinia (S)|Cardinia
3987|26170|South Gippsland (S)|South Gippsland
3988|26170|South Gippsland (S)|South Gippsland
3991|20740|Bass Coast (S)|Bass Coast
3992|20740|Bass Coast (S)|Bass Coast
3995|20740|Bass Coast (S)|Bass Coast
3996|20740|Bass Coast (S)|Bass Coast